<?xml version="1.0" encoding="UTF-8"?>
<!-- 主窗口 -->
<Window size="1000,618" sizebox="2,2,5,5" mininfo="1000,618" caption="0,0,0,175" roundcorner="5,5" showshadow="true" shadowcolor="#000000" shadowdarkness="30" shadowsize="3" shadowposition="10,10">
	<!-- 字体 -->
	<Font id="0" name="微软雅黑" size="16" bold="true" />
	<Font id="1" name="宋体" size="12" default="true" />
	<!-- 滑块 -->
	<Default name="VScrollBar" shared="true" value="button1normalimage=&quot;file='scrollbar.png' source='16,32,32,48' mask='#FFFF00FF'&quot; button1hotimage=&quot;file='scrollbar.png' source='32,32,48,48' mask='#FFFF00FF'&quot; button1pushedimage=&quot;file='scrollbar.png' source='48,32,64,48' mask='#FFFF00FF'&quot; button1disabledimage=&quot;file='scrollbar.png' source='0,32,16,48' mask='#FFFF00FF'&quot; button2normalimage=&quot;file='scrollbar.png' source='16,48,32,64' mask='#FFFF00FF'&quot; button2hotimage=&quot;file='scrollbar.png' source='32,48,48,64' mask='#FFFF00FF'&quot; button2pushedimage=&quot;file='scrollbar.png' source='48,48,64,64' mask='#FFFF00FF'&quot; button2disabledimage=&quot;file='scrollbar.png' source='0,48,16,64' mask='#FFFF00FF'&quot; thumbnormalimage=&quot;file='scrollbar.png' source='16,64,32,80' corner='4,4,4,4' mask='#FFFF00FF'&quot; thumbhotimage=&quot;file='scrollbar.png' source='32,64,48,80' corner='4,4,4,4' mask='#FFFF00FF'&quot; thumbpushedimage=&quot;file='scrollbar.png' source='48,64,64,80' corner='4,4,4,4' mask='#FFFF00FF'&quot; thumbdisabledimage=&quot;file='scrollbar.png' source='0,64,16,80' corner='4,4,4,4' mask='#FFFF00FF'&quot;" />
	<Default name="HScrollBar" shared="true" value="button1normalimage=&quot;file='scrollbar.png' source='16,0,32,16' mask='#FFFF00FF'&quot; button1hotimage=&quot;file='scrollbar.png' source='32,0,48,16' mask='#FFFF00FF'&quot; button1pushedimage=&quot;file='scrollbar.png' source='48,0,64,16' mask='#FFFF00FF'&quot; button1disabledimage=&quot;file='scrollbar.png' source='0,0,16,16' mask='#FFFF00FF'&quot; button2normalimage=&quot;file='scrollbar.png' source='16,16,32,32' mask='#FFFF00FF'&quot; button2hotimage=&quot;file='scrollbar.png' source='32,16,48,32' mask='#FFFF00FF'&quot; button2pushedimage=&quot;file='scrollbar.png' source='48,16,64,32' mask='#FFFF00FF'&quot; button2disabledimage=&quot;file='scrollbar.png' source='0,16,16,32' mask='#FFFF00FF'&quot; thumbnormalimage=&quot;file='scrollbar.png' source='16,64,32,80' corner='4,4,4,4' mask='#FFFF00FF'&quot; thumbhotimage=&quot;file='scrollbar.png' source='32,64,48,80' corner='4,4,4,4' mask='#FFFF00FF'&quot; thumbpushedimage=&quot;file='scrollbar.png' source='48,64,64,80' corner='4,4,4,4' mask='#FFFF00FF'&quot; thumbdisabledimage=&quot;file='scrollbar.png' source='0,64,16,80' corner='4,4,4,4' mask='#FFFF00FF'&quot;" />
	<!-- 默认属性 -->
	<Style name="x_tabM" value="valign=&quot;bottom&quot; textpadding=&quot;0,0,0,8&quot; width=&quot;80&quot; height=&quot;95&quot; padding=&quot;10,0,0,0&quot; normalimage=&quot;file='qb.png' source='0,0,80,95'&quot; hotimage=&quot;file='qb.png' source='240,0,320,95'&quot; pushedimage=&quot;file='qb.png' source='160,0,240,95'&quot; selectedimage=&quot;file='qb.png' source='80,0,160,95'&quot;"/>
	<Style name="x_tabS" value="width=&quot;80&quot; height=&quot;25&quot; normalimage=&quot;file='sel.png' source='0,0,80,25'&quot; hotimage=&quot;file='sel.png' source='0,25,80,50'&quot; pushedimage=&quot;file='sel.png' source='0,75,80,100'&quot; selectedimage=&quot;file='sel.png' source='0,50,80,75'&quot;"/>
	<Style name="x_list" value="vscrollbar=&quot;true&quot; hscrollbar=&quot;true&quot; bordersize=&quot;1&quot; bordercolor=&quot;#FF555555&quot; padding=&quot;15,15,15,15&quot; inset=&quot;1,1,1,1&quot; itembkcolor=&quot;#22000000&quot; itemaltbk=&quot;true&quot; headerbkimage=&quot;file='list_bg.jpg' source='0,0,60,24'&quot; itemhotimage=&quot;file='list_bg.jpg' source='0,25,60,41'&quot; itemselectedimage=&quot;file='list_bg.jpg' source='0,42,60,58'&quot;"/>
	<Style name="x_list_hdr" value="height=&quot;24&quot; sepimage=&quot;list_sep.png&quot; sepwidth=&quot;2&quot;"/>
	<Style name="x_separate1" value="bottombordersize=&quot;1&quot; bordercolor=&quot;#77b0b9b6&quot; width=&quot;10&quot;" />
	<Style name="x_separate2" value="bottombordersize=&quot;1&quot; bordercolor=&quot;#77b0b9b6&quot;" />
	<Style name="x_combo" value="height=&quot;24&quot; normalimage=&quot;file='scrollbar.png' source='32,48,48,64' dest='-20,4,-4,20'&quot; bkcolor=&quot;#FFDDDDDD&quot; textpadding=&quot;6,6,6,6&quot; itemtextpadding=&quot;4,4,4,4&quot;" />
	<Style name="x_button" value="width=&quot;80&quot; height=&quot;25&quot; normalimage=&quot;file='button.png' source='0,0,80,25'&quot; hotimage=&quot;file='button.png' source='0,25,80,50'&quot; pushedimage=&quot;file='button.png' source='0,50,80,75'&quot;" />
	<Style name="x_edit" value="bkcolor=&quot;#55FFFFFF&quot; textpadding=&quot;4,4,4,4&quot; height=&quot;20&quot;" />
	<Style name="x_richedit" value="bkcolor=&quot;#55FFFFFF&quot; textpadding=&quot;4,4,4,4&quot; vscrollbar=&quot;true&quot;" />
	<Style name="x_checkbox" value="normalimage=&quot;file='selbox.png' source='0,15,15,30' dest='0,0,15,15'&quot; hotimage=&quot;file='selbox.png' source='15,15,30,30' dest='0,0,15,15'&quot; pushedimage=&quot;file='selbox.png' source='30,15,45,30' dest='0,0,15,15'&quot; selectedimage=&quot;file='selbox.png' source='45,15,60,30' dest='0,0,15,15'&quot; selectedhotimage=&quot;file='selbox.png' source='60,15,75,30' dest='0,0,15,15'&quot; selectedpushedimage=&quot;file='selbox.png' source='75,15,90,30' dest='0,0,15,15'&quot;" />
	<Style name="x_radio" value="normalimage=&quot;file='selbox.png' source='0,0,15,15' dest='0,0,15,15'&quot; hotimage=&quot;file='selbox.png' source='15,0,30,15' dest='0,0,15,15'&quot; pushedimage=&quot;file='selbox.png' source='30,0,45,15' dest='0,0,15,15'&quot; selectedimage=&quot;file='selbox.png' source='45,0,60,15' dest='0,0,15,15'&quot; selectedhotimage=&quot;file='selbox.png' source='60,0,75,15' dest='0,0,15,15'&quot; selectedpushedimage=&quot;file='selbox.png' source='75,0,90,15' dest='0,0,15,15'&quot;" />

	<!-- 整个区域 -->
    <VerticalLayout bkimage="file='bg.jpg' dest='0,0,-0,-0'" bordersize="1" bordercolor="#FF555555" borderround="5,5" inset="1,0,1,0">
		<!-- 标题栏区域 -->
        <HorizontalLayout height="40">
			<!-- 图标及标题区域 -->
			<Container bkimage="file='logo.png'" padding="4,4,4,4" width="32" height="32" />
			<Text name="text_caption" text="网络工具箱　Alpha" textcolor="#FFEEEEEE" font="0" height="24" padding="8,8,8,8" />
			<!-- 系统按钮区域 -->
			<HorizontalLayout width="93" height="20"><!--121-->
				<!--<Button name="btn_set" width="28" normalimage="file='CtrlButton.png' source='0,80,28,100'" hotimage="file='CtrlButton.png' source='28,80,56,100'" pushedimage="file='CtrlButton.png' source='56,80,84,100'" />-->
				<Button name="minbtn" width="28" normalimage="file='CtrlButton.png' source='0,40,28,60'" hotimage="file='CtrlButton.png' source='28,40,56,60'" pushedimage="file='CtrlButton.png' source='56,40,84,60'" />
				<Button name="maxbtn" width="28" normalimage="file='CtrlButton.png' source='0,20,28,40'" hotimage="file='CtrlButton.png' source='28,20,56,40'" pushedimage="file='CtrlButton.png' source='56,20,84,40'" />
				<Button name="restorebtn" width="28" normalimage="file='CtrlButton.png' source='0,20,28,40'" hotimage="file='CtrlButton.png' source='28,20,56,40'" pushedimage="file='CtrlButton.png' source='56,20,84,40'" visible="false" />
				<Button name="closebtn" width="39" normalimage="file='CtrlButton.png' source='0,0,39,20'" hotimage="file='CtrlButton.png' source='39,0,78,20'" pushedimage="file='CtrlButton.png' source='78,0,117,20'" />
			</HorizontalLayout>
		</HorizontalLayout>
		<!-- 选项区域 -->
		<HorizontalLayout height="110">
			<Option name="tabM_0" text="本地网络" group="tabM" style="x_tabM" foreimage="file='qb0.png' dest='8,8,72,72'" selected="true" />
			<!--<Option name="tabM_1" text="SSH" group="tabM" style="x_tabM" foreimage="file='qb1.png' dest='8,8,72,72'" />
			<Option name="tabM_2" text="数据库" group="tabM" style="x_tabM" foreimage="file='qb2.png' dest='8,8,72,72'" />-->
			<Option name="tabM_3" text="网络工具" group="tabM" style="x_tabM" foreimage="file='qb3.png' dest='8,8,72,72'" />
			<Option name="tabM_4" text="格式工具" group="tabM" style="x_tabM" foreimage="file='qb4.png' dest='8,8,72,72'" />
			<Option name="tabM_5" text="单机工具" group="tabM" style="x_tabM" foreimage="file='qb5.png' dest='8,8,72,72'" />
			<Option name="tabM_6" text="其他" group="tabM" style="x_tabM" foreimage="file='qb6.png' dest='8,8,72,72'" />
		</HorizontalLayout>
		<!-- 主内容区域 -->
		<HorizontalLayout>
			<TabLayout name="tabM">
				<!-- 本地网络 -->
				<VerticalLayout>
					<HorizontalLayout height="25">
						<Container style="x_separate1" />
						<Option name="tab0_0" style="x_tabS" group="tab0" text="首页" selected="true" />
						<Option name="tab0_1" style="x_tabS" group="tab0" text="本机网络" />
						<Option name="tab0_2" style="x_tabS" group="tab0" text="网络连接" />
						<Container style="x_separate2" />
					</HorizontalLayout>
					<TabLayout name="tab0" bkcolor="#77B0B9B6">
						<!-- 首页 -->
						<VerticalLayout>
							<HorizontalLayout height="24" width="500" padding="100,100,100,0">
								<Text text="电脑品牌：" padding="0,4,10,0" />
								<Edit name="sysinfo_trademark" style="x_edit" width="360" />
							</HorizontalLayout>
							<HorizontalLayout height="24" width="500" padding="100,30,100,0">
								<Text text="系统版本：" padding="0,4,10,0" />
								<Edit name="sysinfo_version" style="x_edit" width="360" />
							</HorizontalLayout>
							<HorizontalLayout height="24" width="500" padding="100,30,100,0">
								<Text text="CPU信息：" padding="0,4,10,0" />
								<Edit name="sysinfo_cpu1" style="x_edit" width="360" />
							</HorizontalLayout>
							<HorizontalLayout height="24" width="500" padding="100,5,100,0">
								<Text padding="0,4,10,0" />
								<Edit name="sysinfo_cpu2" style="x_edit" width="360" />
							</HorizontalLayout>
							<HorizontalLayout height="24" width="500" padding="100,30,100,0">
								<Text text="内存信息：" padding="0,4,10,0" />
								<Edit name="sysinfo_mem" style="x_edit" width="360" />
							</HorizontalLayout>
						</VerticalLayout>
						<!-- 本机网络 -->
						<VerticalLayout>
							<List name="localnet_list" style="x_list">
								<ListHeader>
									<ListHeaderItem style="x_list_hdr" width="30" />
									<ListHeaderItem style="x_list_hdr" width="500" text="网络名称" />
									<ListHeaderItem style="x_list_hdr" width="150" text="本机IP" />
									<ListHeaderItem style="x_list_hdr" width="150" text="网关IP" />
									<ListHeaderItem style="x_list_hdr" width="80" text="DHCP" />
								</ListHeader>
							</List>
						</VerticalLayout>
						<!-- 网络连接 -->
						<VerticalLayout>
							<HorizontalLayout padding="0,15,0,0" height="15">
								<Option style="x_radio" width="120" height="15" group="encdec_codec" padding="30,0,0,0" name="localnet_tcplisten" text="TCP正在监听" selected="true" />
								<Option style="x_radio" width="120" height="15" group="encdec_codec" padding="30,0,0,0" name="localnet_tcpconn" text="TCP已连接" />
								<Option style="x_radio" width="120" height="15" group="encdec_codec" padding="30,0,0,0" name="localnet_udp" text="UDP" />
							</HorizontalLayout>
							<List name="localnet_connection" style="x_list">
								<ListHeader>
									<ListHeaderItem style="x_list_hdr" width="30" />
									<ListHeaderItem style="x_list_hdr" width="240" text="本地地址" />
									<ListHeaderItem style="x_list_hdr" width="80" text="本地端口" />
									<ListHeaderItem style="x_list_hdr" width="240" text="远程地址" />
									<ListHeaderItem style="x_list_hdr" width="80" text="远程端口" />
									<!--<ListHeaderItem style="x_list_hdr" width="100" text="连接状态" />-->
									<ListHeaderItem style="x_list_hdr" width="80" text="进程PID" />
									<ListHeaderItem style="x_list_hdr" width="300" text="进程名称" />
								</ListHeader>
							</List>
						</VerticalLayout>
					</TabLayout>
				</VerticalLayout>
				<!-- SSH -->
				<VerticalLayout>
					<HorizontalLayout height="25">
						<Container style="x_separate1" />
						<Option name="tab1_0" style="x_tabS" group="tab1" text="远程SSH" selected="true" />
						<Option name="tab1_1" style="x_tabS" group="tab1" text="故障急救" />
						<Option name="tab1_2" style="x_tabS" group="tab1" text="软件管理" />
						<Container style="x_separate2" />
					</HorizontalLayout>
					<HorizontalLayout>
						<HorizontalLayout sepimm="true" inset="0,0,5,0" sepwidth="5" width="240" minwidth="240" maxwidth="500">
							
						</HorizontalLayout>
						<HorizontalLayout>
							<TabLayout name="tab1" bkcolor="#77B0B9B6">
								<!-- 远程SSH -->
								<VerticalLayout>
									<Text text="暂未实现，敬请期待" align="center" valign="vcenter" />
								</VerticalLayout>
								<!-- 故障急救 -->
								<VerticalLayout>
									<Text text="暂未实现，敬请期待" align="center" valign="vcenter" />
								</VerticalLayout>
								<!-- 软件管理 -->
								<VerticalLayout>
									<Text text="暂未实现，敬请期待" align="center" valign="vcenter" />
								</VerticalLayout>
							</TabLayout>
						</HorizontalLayout>
					</HorizontalLayout>
				</VerticalLayout>
				<!-- 数据库 -->
				<HorizontalLayout>
					<HorizontalLayout sepimm="true" inset="0,0,5,0" sepwidth="5" width="240" minwidth="240" maxwidth="500">
						<VerticalLayout>
							<Button />
						</VerticalLayout>
					</HorizontalLayout>
					<VerticalLayout>
						<HorizontalLayout height="25">
							<Container style="x_separate1" />
							<Option name="tab2_0" style="x_tabS" group="tab2" text="对象" selected="true" />
							<Container style="x_separate2" />
						</HorizontalLayout>
						<HorizontalLayout>
							<TabLayout name="tab2" bkcolor="#77B0B9B6">
								<!-- 对象 -->
								<VerticalLayout>
									<Text text="暂未实现，敬请期待" align="center" valign="vcenter" />
								</VerticalLayout>
							</TabLayout>
						</HorizontalLayout>
					</VerticalLayout>
				</HorizontalLayout>
				<!-- 网络工具 -->
				<VerticalLayout>
					<HorizontalLayout height="25">
						<Container style="x_separate1" />
						<Option name="tab3_0" style="x_tabS" group="tab3" text="路由跟踪" selected="true" />
						<Option name="tab3_1" style="x_tabS" group="tab3" text="HTTP请求" />
						<Option name="tab3_2" style="x_tabS" group="tab3" text="QPS测试" />
						<!--<Option name="tab3_2" style="x_tabS" group="tab3" text="NetBIOS" />
						<Option name="tab3_3" style="x_tabS" group="tab3" text="Whois查询" />
						<Option name="tab3_4" style="x_tabS" group="tab3" text="HTTP抓包" />
						<Option name="tab3_5" style="x_tabS" group="tab3" text="HTTP服务" />
						<Option name="tab3_6" style="x_tabS" group="tab3" text="FTP客户端" />
						<Option name="tab3_7" style="x_tabS" group="tab3" text="远程协助" />-->
						<Container style="x_separate2" />
					</HorizontalLayout>
					<TabLayout name="tab3" bkcolor="#77B0B9B6">
						<!-- 路由跟踪 -->
						<VerticalLayout>
							<HorizontalLayout height="35">
								<Text padding="15,18,20,0" text="输入目标IP地址或域名：" autocalcwidth="true" />
								<Edit name="tracert_addr" width="240" padding="0,13,0,0" style="x_edit" text="www.fawdlstty.com" />
								<Button name="tracert_begin" text="开始" style="x_button" padding="20,13,0,0" />
								<Text padding="45,18,20,0" text="通过最多30个跃点跟踪。" autocalcwidth="true" />
							</HorizontalLayout>
							<HorizontalLayout>
								<List name="tracert_list" style="x_list">
									<ListHeader>
										<ListHeaderItem style="x_list_hdr" width="30" />
										<ListHeaderItem style="x_list_hdr" width="50" text="TTL" />
										<ListHeaderItem style="x_list_hdr" width="100" text="延迟1" />
										<ListHeaderItem style="x_list_hdr" width="100" text="延迟2" />
										<ListHeaderItem style="x_list_hdr" width="100" text="延迟3" />
										<ListHeaderItem style="x_list_hdr" width="180" text="IP地址" />
									</ListHeader>
								</List>
							</HorizontalLayout>
						</VerticalLayout>
						<!-- HTTP请求 -->
						<VerticalLayout>
							<HorizontalLayout height="25" padding="15,15,15,0">
								<Combo name="http_type" style="x_combo" width="80" dropboxsize="0,42">
									<ListLabelElement text="POST" selected="true" />
									<ListLabelElement text="GET" />
								</Combo>
								<Text text="请求地址：" autocalcwidth="true" padding="15,7,0,0" />
								<Edit name="http_url" padding="15,3,15,0" style="x_edit" text="http://localhost" />
								<Button name="http_begin" text="请求" style="x_button" />
							</HorizontalLayout>
							<HorizontalLayout padding="15,15,15,0" height="60">
								<Text text="Post Data：" autocalcwidth="true" />
								<RichEdit name="http_post_data" padding="15,0,0,0" style="x_richedit" text="a=b&amp;c=d" />
							</HorizontalLayout>
							<RichEdit name="http_content" readonly="true" padding="15,15,15,15" style="x_richedit" />
						</VerticalLayout>
						<!-- QPS测试 -->
						<VerticalLayout>
							<HorizontalLayout height="25" padding="15,15,15,0">
								<Combo name="qps_type" style="x_combo" width="80" dropboxsize="0,42">
									<ListLabelElement text="POST" selected="true" />
									<ListLabelElement text="GET" />
								</Combo>
								<Text text="线程数：" autocalcwidth="true" padding="15,7,0,0" />
								<Edit name="qps_thread_num" padding="15,3,0,0" style="x_edit" text="10" width="60" numberonly="true" />
								<Text text="请求地址：" autocalcwidth="true" padding="15,7,0,0" />
								<Edit name="qps_url" padding="15,3,15,0" style="x_edit" text="http://localhost" />
								<Button name="qps_begin" text="开始" style="x_button" />
								<Button name="qps_stop" text="停止" style="x_button" visible="false" />
							</HorizontalLayout>
							<HorizontalLayout padding="15,15,15,0" height="60">
								<Text text="Post Data：" autocalcwidth="true" />
								<RichEdit name="qps_post_data" padding="15,0,0,0" style="x_richedit" text="a=b&amp;c=d" />
							</HorizontalLayout>
							<RichEdit name="qps_content" readonly="true" padding="15,15,15,15" style="x_richedit" />
						</VerticalLayout>
						<!-- NetBIOS -->
						<VerticalLayout>
							<!--<HorizontalLayout height="35">
								<Text padding="15,18,0,0" text="输入IP段：" autocalcwidth="true" />
								<Edit name="netbios_begin" width="150" padding="0,13,0,0" style="x_edit" />
								<Text padding="10,18,10,0" text="-" autocalcwidth="true" />
								<Edit name="netbios_end" width="150" padding="0,13,0,0" style="x_edit" />
								<Button name="netbios_begin" text="扫描" style="x_button" padding="10,13,0,0" />
								<Button name="netbios_pause" text="暂停" style="x_button" padding="10,13,0,0" visible="false" />
							</HorizontalLayout>
							<HorizontalLayout>
								<List name="netbios_list" style="x_list">
									<ListHeader>
										<ListHeaderItem style="x_list_hdr" width="30" />
										<ListHeaderItem style="x_list_hdr" width="100" text="IP地址" />
										<ListHeaderItem style="x_list_hdr" width="100" text="工作组" />
										<ListHeaderItem style="x_list_hdr" width="100" text="主机" />
										<ListHeaderItem style="x_list_hdr" width="100" text="用户/其他" />
										<ListHeaderItem style="x_list_hdr" width="100" text="MAC地址" />
									</ListHeader>
								</List>
							</HorizontalLayout>-->
							<Text text="暂未实现，敬请期待" align="center" valign="vcenter" />
						</VerticalLayout>
						<!-- Whois查询 -->
						<VerticalLayout>
							<Text text="暂未实现，敬请期待" align="center" valign="vcenter" />
						</VerticalLayout>
						<!-- HTTP抓包 -->
						<VerticalLayout>
							<Text text="暂未实现，敬请期待" align="center" valign="vcenter" />
						</VerticalLayout>
						<!-- HTTP服务 -->
						<VerticalLayout>
							<Text text="暂未实现，敬请期待" align="center" valign="vcenter" />
						</VerticalLayout>
						<!-- FTP客户端 -->
						<VerticalLayout>
							<Text text="暂未实现，敬请期待" align="center" valign="vcenter" />
						</VerticalLayout>
						<!-- 远程协助 -->
						<VerticalLayout>
							<Text text="暂未实现，敬请期待" align="center" valign="vcenter" />
						</VerticalLayout>
					</TabLayout>
				</VerticalLayout>
				<!-- 格式工具 -->
				<VerticalLayout>
					<HorizontalLayout height="25">
						<Container style="x_separate1" />
						<Option name="tab4_0" style="x_tabS" group="tab4" text="正则工具" selected="true" />
						<Option name="tab4_1" style="x_tabS" group="tab4" text="RSA生成" />
						<Option name="tab4_2" style="x_tabS" group="tab4" text="转码解码" />
						<Container style="x_separate2" />
					</HorizontalLayout>
					<TabLayout name="tab4" bkcolor="#77B0B9B6">
						<!-- 正则工具 -->
						<VerticalLayout>
							<VerticalLayout sepimm="true" inset="0,0,0,5" sepheight="5" height="70" minheight="70" maxheight="500" padding="15,15,15,0">
								<Text text="正则表达式：" height="12" padding="0,0,0,5" />
								<RichEdit name="regex_statement" style="x_richedit" />
							</VerticalLayout>
							<VerticalLayout sepimm="true" inset="0,0,0,5" sepheight="5" height="140" minheight="70" maxheight="800" padding="15,15,15,0">
								<Text text="待匹配内容：" height="12" padding="0,0,0,5" />
								<RichEdit name="regex_content" style="x_richedit" />
							</VerticalLayout>
							<VerticalLayout padding="15,5,15,15">
								<HorizontalLayout height="25" padding="0,0,0,5">
									<Text text="匹配结果：" height="12" padding="0,13,0,0" />
									<Button name="regex_match" text="匹配" style="x_button" />
								</HorizontalLayout>
								<RichEdit name="regex_result" style="x_richedit" />
							</VerticalLayout>
						</VerticalLayout>
						<!-- RSA生成 -->
						<VerticalLayout>
							<HorizontalLayout padding="15,15,15,0" height="24">
								<Text text ="位数" width="50" padding="0,6,10,6" />
								<Combo name="rsa_gensize" style="x_combo" width="200" dropboxsize="0,122">
									<ListLabelElement text="256" />
									<ListLabelElement text="512" />
									<ListLabelElement text="768" />
									<ListLabelElement text="1024" />
									<ListLabelElement text="2048" selected="true" />
									<ListLabelElement text="4096" />
								</Combo>
							</HorizontalLayout>
							<HorizontalLayout padding="15,15,15,0" height="70">
								<Option name="rsa_selevp_pubkey" style="x_radio" width="24" height="24" group="rsa_pubtype" selected="true" />
								<Text text ="EVP公钥（预览）：{\n}BEGIN PUBLIC KEY{\n}...{\n}END PUBLIC KEY{\n}生成地址：" />
							</HorizontalLayout>
							<Edit name="rsa_evp_pubkey" style="x_edit" padding="15,5,15,0" width="700" />
							<HorizontalLayout padding="15,15,15,0" height="70">
								<Option name="rsa_selrsa_pubkey" style="x_radio" width="24" height="24" group="rsa_pubtype" />
								<Text text ="RSA公钥（预览）：{\n}BEGIN RSA PUBLIC KEY{\n}...{\n}END RSA PUBLIC KEY{\n}生成地址：" />
							</HorizontalLayout>
							<Edit name="rsa_rsa_pubkey" style="x_edit" padding="15,5,15,0" width="700" enabled="false" />
							<Text text ="RSA私钥（预览）：{\n}BEGIN RSA PRIVATE KEY{\n}...{\n}END RSA PRIVATE KEY{\n}生成地址：" padding="39,15,15,0" height="70" />
							<Edit name="rsa_rsa_prvkey" style="x_edit" padding="15,5,15,0" width="700" />
							<Button name="rsa_generate" text="生成" style="x_button" padding="15,10,15,0" />
						</VerticalLayout>
						<!-- 转码解码 -->
						<VerticalLayout name="encdec_container">
							<VerticalLayout sepimm="true" inset="0,0,0,5" sepheight="5" height="70" minheight="70" maxheight="500" padding="15,15,15,0">
								<Text text="待处理字符串：" height="12" padding="0,0,0,5" />
								<!--<HorizontalLayout height="25" padding="0,0,0,5">
									<Text text="待处理字符串：" height="12" padding="0,13,0,0" />
									<Option name="encdec_utf8" text="utf8" style="x_radio" width="80" height="15" group="encdec_codec" selected="true" />
									<Option name="encdec_gb18030" text="gb18030" style="x_radio" width="80" height="15" group="encdec_codec" />
									<Option name="encdec_ucs2" text="ucs2" style="x_radio" width="80" height="15" group="encdec_codec" />
								</HorizontalLayout>-->
								<RichEdit name="encdec_data" style="x_richedit" />
							</VerticalLayout>
							<VerticalLayout padding="15,5,15,15">
								<HorizontalLayout height="25" padding="0,0,0,5">
									<Text name="encdec_name0" text="转码结果：" height="12" padding="0,13,0,0" />
									<Button name="encdec_enc" text="编码" style="x_button" padding="0,0,15,0" />
									<Button name="encdec_dec" text="解码" style="x_button" />
								</HorizontalLayout>
								<RichEdit name="encdec_result0" style="x_richedit" />
							</VerticalLayout>
							<!--<VerticalLayout name="encdec_ver1" padding="15,5,15,15">
								<Text text="匹配结果2：" height="12" padding="0,0,0,5" />
								<RichEdit name="encdec_result0" style="x_richedit" />
							</VerticalLayout>-->
						</VerticalLayout>
					</TabLayout>
				</VerticalLayout>
				<!-- 单机工具 -->
				<VerticalLayout>
					<HorizontalLayout height="25">
						<Container style="x_separate1" />
						<Option name="tab5_0" style="x_tabS" group="tab5" text="GIF录制" selected="true"  />
						<Option name="tab5_1" style="x_tabS" group="tab5" text="串口工具" />
						<Option name="tab5_2" style="x_tabS" group="tab5" text="窗口工具"/>
						<Option name="tab5_3" style="x_tabS" group="tab5" text="文件工具" />
						<!--<Option name="tab5_4" style="x_tabS" group="tab5" text="屏幕录像" />-->
						<Container style="x_separate2" />
					</HorizontalLayout>
					<TabLayout name="tab5" bkcolor="#77B0B9B6">
						<!-- GIF录制 -->
						<VerticalLayout>
							<HorizontalLayout height="40">
								<Button name="gif_showwnd" text="录制" style="x_button" padding="40,16,50,4" />
								<Edit name="gif_path" padding="10,16,0,0" style="x_edit" />
								<Button name="gif_save" text="保存" style="x_button" padding="10,15,40,0" enabled="false" />
							</HorizontalLayout>
							<Text name="gif_preview" padding="15,15,15,15" bkcolor="#33000000" text="暂无预览" align="center" valign="vcenter" />
						</VerticalLayout>
						<!-- 串口工具 -->
						<HorizontalLayout>
							<HorizontalLayout sepimm="true" inset="0,0,5,0" sepwidth="5" width="240" minwidth="240" maxwidth="500">
								<VerticalLayout>
									<GroupBox text=" 串口配置 " textcolor="#FF000000" height="240" bordercolor="#FF555555" bordersize="1" borderround="6,6" padding="10,10,10,10">
										<HorizontalLayout>
											<Text text ="名称" width="50" padding="0,6,10,6" />
											<Combo name="serial_name" style="x_combo" />
										</HorizontalLayout>
										<HorizontalLayout>
											<Text text ="波特率" width="50" padding="0,6,10,6" />
											<Combo name="serial_boudrate" style="x_combo" />
										</HorizontalLayout>
										<HorizontalLayout>
											<Text text ="数据位" width="50" padding="0,6,10,6" />
											<Combo name="serial_bytesize" style="x_combo" />
										</HorizontalLayout>
										<HorizontalLayout>
											<Text text ="奇偶位" width="50" padding="0,6,10,6" />
											<Combo name="serial_parity" style="x_combo" />
										</HorizontalLayout>
										<HorizontalLayout>
											<Text text ="停止位" width="50" padding="0,6,10,6" />
											<Combo name="serial_stopbits" style="x_combo" />
										</HorizontalLayout>
										<HorizontalLayout>
											<Button name="serial_btnopen" text="打开" style="x_button" padding="0,10,5,0" />
											<Button name="serial_btnclose" text="关闭" style="x_button" padding="5,10,0,0" />
										</HorizontalLayout>
									</GroupBox>
									<VerticalLayout>
										<CheckBox name="serial_hex" style="x_checkbox" text="十六进制显示" height="15" width="110" padding="70,2,0,3" />
										<HorizontalLayout height="20" padding="0,10,0,0">
											<Text text="每隔" padding="10,4,4,4" autocalcwidth="true" />
											<Edit name="serial_repeat_mill" width="60" text="1000" numberonly="true" style="x_edit" />
											<Text text="毫秒" padding="4,4,4,4" autocalcwidth="true" />
											<CheckBox name="serial_repeat" style="x_checkbox" text="重复发送" width="90" padding="4,2,0,3" />
										</HorizontalLayout>
										<CheckBox name="serial_newline" style="x_checkbox" text="末尾自动换行" height="15" width="110" padding="70,10,0,3" />
									</VerticalLayout>
								</VerticalLayout>
							</HorizontalLayout>
							<HorizontalLayout>
								<VerticalLayout padding="15,15,15,15">
									<VerticalLayout name="serial_cnt" vscrollbar="true" inset="10,10,10,0" bkcolor="#33000000">
										<!--<Text name="serial_test" text="2333{\n}3322" textpadding="10,10,10,10" textcolor="#FF333333" bkcolor="#FFCCCCCC" autocalcwidth="true" autocalcheight="true" borderround="20,20" padding="0,0,0,10" floatalign="right" />-->
									</VerticalLayout>
									<HorizontalLayout padding="0,10,0,0" height="54">
										<RichEdit name="serial_senddata" height="54" padding="0,3,0,0" style="x_richedit" />
										<Button name="serial_btnsend" text="发送" style="x_button" padding="10,16,0,0" />
									</HorizontalLayout>
								</VerticalLayout>
							</HorizontalLayout>
						</HorizontalLayout>
						<!-- 窗口工具 -->
						<HorizontalLayout>
							<VerticalLayout padding="15,15,0,15" width="60">
								<Text text="颜色萃取" height="12" padding="0,0,0,15" />
								<Container name="window_findcolor" bkcolor="#FFFFFFFF" width="60" height="50" bkimage="file='find_color.png' dest='11,6,49,44'" />
								<Text text="窗口探测" height="12" padding="0,30,0,15" />
								<Container name="window_detector" bkcolor="#FFFFFFFF" width="60" height="50" bkimage="file='find_pos.png' dest='11,6,49,44'" />
								<Text text="放大镜" height="12" padding="0,30,0,15" />
								<Container name="window_zoomer" bkcolor="#FFFFFFFF" width="60" height="50" bkimage="file='zoom_size.png' dest='11,6,49,44'" />
							</VerticalLayout>
							<VerticalLayout padding="15,15,0,15" width="400">
								<HorizontalLayout height="24" padding="0,0,0,30">
									<Text text="当前颜色：" autocalcwidth="true" padding="0,3,0,0" />
									<Container name="window_color" width="30" height="20" bkcolor="#FFFFFFFF" />
									<Edit name="window_txt_color" style="x_edit" width="270" readonly="true" />
								</HorizontalLayout>
								<HorizontalLayout height="24" padding="0,0,0,10">
									<Text text="窗口句柄：" autocalcwidth="true" padding="0,3,0,0" />
									<Edit name="window_txt_handle" style="x_edit" width="300" readonly="true" />
								</HorizontalLayout>
								<HorizontalLayout height="24" padding="0,0,0,10">
									<Text text="窗口位置：" autocalcwidth="true" padding="0,3,0,0" />
									<Edit name="window_txt_pos" style="x_edit" width="300" readonly="true" />
								</HorizontalLayout>
								<HorizontalLayout height="24" padding="0,0,0,10">
									<Text text="窗口标题：" autocalcwidth="true" padding="0,3,0,0" />
									<Edit name="window_txt_title" style="x_edit" width="300" readonly="true" />
								</HorizontalLayout>
								<HorizontalLayout height="24" padding="0,0,0,10">
									<Text text="父窗口　：" autocalcwidth="true" padding="0,3,0,0" />
									<Edit name="window_txt_parent" style="x_edit" width="300" readonly="true" />
								</HorizontalLayout>
								<HorizontalLayout height="24" padding="0,0,0,10">
									<Text text="窗口样式：" autocalcwidth="true" padding="0,3,0,0" />
									<Edit name="window_txt_style" style="x_edit" width="300" readonly="true" />
								</HorizontalLayout>
								<HorizontalLayout height="24" padding="0,0,0,10">
									<Text text="扩展样式：" autocalcwidth="true" padding="0,3,0,0" />
									<Edit name="window_txt_exstyle" style="x_edit" width="300" readonly="true" />
								</HorizontalLayout>
								<HorizontalLayout height="24" padding="0,0,0,10">
									<Text text="窗口类名：" autocalcwidth="true" padding="0,3,0,0" />
									<Edit name="window_txt_wndclass" style="x_edit" width="300" readonly="true" />
								</HorizontalLayout>
							</VerticalLayout>
							<Container name="window_zoomhost" bkimage="file='color.png'" padding="15,15,15,15" />
						</HorizontalLayout>
						<!-- 文件工具 -->
						<VerticalLayout>
							<HorizontalLayout height="40">
								<Text text="选择文件：" padding="40,22,0,4" autocalcwidth="true" />
								<Edit name="file_path" padding="10,16,0,0" style="x_edit" />
								<Button name="file_analysis" text="分析" style="x_button" padding="10,15,40,0" />
							</HorizontalLayout>
							<Text text="（可拖动文件至窗口实现选择文件）" height="12" padding="110,8,0,0" />
							<HorizontalLayout>
								<RichEdit name="file_result" readonly="true" padding="15,15,15,15" style="x_richedit" />
							</HorizontalLayout>
						</VerticalLayout>
						<!-- 屏幕录像 -->
						<VerticalLayout>
							<HorizontalLayout height="40">
								<Button name="avi_begin" text="录制" style="x_button" padding="40,16,50,4" />
								<Edit name="avi_path" padding="10,16,40,0" style="x_edit" />
								<!--<Button name="avi_save" text="保存" style="x_button" padding="10,15,40,0" enabled="false" />-->
							</HorizontalLayout>
						</VerticalLayout>
					</TabLayout>
				</VerticalLayout>
				<!-- 其他 -->
				<VerticalLayout>
					<HorizontalLayout height="25">
						<Container style="x_separate1" />
						<Option name="tab6_0" style="x_tabS" group="tab6" text="关于" selected="true" />
						<!--<Option name="tab6_1" style="x_tabS" group="tab6" text="赞助" />-->
						<Container style="x_separate2" />
					</HorizontalLayout>
					<TabLayout name="tab6" bkcolor="#77B0B9B6">
						<!-- 关于 -->
						<VerticalLayout>
							<Container />
							<VerticalLayout height="340">
								<HorizontalLayout>
									<Container />
									<VerticalLayout width="950">
										<Text padding="15,15,15,0" align="center" text="关于网络工具箱" height="12" />
										<Text padding="15,100,15,0" text="*此软件仅做测试用，请勿用于生产环境，因使用此软件给您导致的直接或间接的损失、损害，本人概不负责。从您使用本软件的一刻起，将视为您已经接受了本免责声明。" height="12" />
										<HorizontalLayout padding="15,15,15,0">
											<Text text="意见反馈窗口：" autocalcwidth="true" />
											<Button name="btn_join" cursor="hand" text="点击链接加入群聊【网络工具箱交流群】（943497747）" width="300" textcolor="#FF0000FF" hottextcolor="#FF8080FF" height="14" />
										</HorizontalLayout>
									</VerticalLayout>
									<Container />
								</HorizontalLayout>
							</VerticalLayout>
							<Container />
						</VerticalLayout>
						<!-- 赞助 -->
						<VerticalLayout>
							<HorizontalLayout height="24" width="500" padding="100,100,100,100">
								<Text text="比特收款地址：" padding="0,4,10,0" />
								<Edit text="3QBMQLijcfskGYa48pmUvKsK6rHwiPY2No" style="x_edit" />
							</HorizontalLayout>
						</VerticalLayout>
					</TabLayout>
				</VerticalLayout>
			</TabLayout>
		</HorizontalLayout>
		<!-- 状态栏区域 -->
		<HorizontalLayout height="30px" inset="10,7,0,2">
			<HanAnim name="img_status" width="16" height="16" bkimage="file='status_small.png' source='16,0,32,16'" />
			<Text name="text_status" text="就绪。" padding="10,1,10,8" textcolor="#FFFFFFFF" />
			<!--<Button name="btn_blog" cursor="hand" padding="10,1,10,8" text="Fawdlstty 的个人博客" width="140" textcolor="#FFFFFFFF" hottextcolor="#FF0000FF" />-->
		</HorizontalLayout>
	</VerticalLayout>
</Window>
